{ "frames": [
   {
    "filename": "point #second_step 0.aseprite",
    "frame": { "x": 0, "y": 0, "w": 64, "h": 160 },
    "rotated": false,
    "trimmed": false,
    "spriteSourceSize": { "x": 0, "y": 0, "w": 64, "h": 160 },
    "sourceSize": { "w": 64, "h": 160 },
    "duration": 100
   },
   {
    "filename": "point #second_step 1.aseprite",
    "frame": { "x": 64, "y": 0, "w": 64, "h": 160 },
    "rotated": false,
    "trimmed": false,
    "spriteSourceSize": { "x": 0, "y": 0, "w": 64, "h": 160 },
    "sourceSize": { "w": 64, "h": 160 },
    "duration": 100
   },
   {
    "filename": "point #second_step 2.aseprite",
    "frame": { "x": 128, "y": 0, "w": 64, "h": 160 },
    "rotated": false,
    "trimmed": false,
    "spriteSourceSize": { "x": 0, "y": 0, "w": 64, "h": 160 },
    "sourceSize": { "w": 64, "h": 160 },
    "duration": 100
   },
   {
    "filename": "point #second_step 3.aseprite",
    "frame": { "x": 192, "y": 0, "w": 64, "h": 160 },
    "rotated": false,
    "trimmed": false,
    "spriteSourceSize": { "x": 0, "y": 0, "w": 64, "h": 160 },
    "sourceSize": { "w": 64, "h": 160 },
    "duration": 100
   },
   {
    "filename": "point #second_step 4.aseprite",
    "frame": { "x": 256, "y": 0, "w": 64, "h": 160 },
    "rotated": false,
    "trimmed": false,
    "spriteSourceSize": { "x": 0, "y": 0, "w": 64, "h": 160 },
    "sourceSize": { "w": 64, "h": 160 },
    "duration": 100
   },
   {
    "filename": "point #second_step 5.aseprite",
    "frame": { "x": 320, "y": 0, "w": 64, "h": 160 },
    "rotated": false,
    "trimmed": false,
    "spriteSourceSize": { "x": 0, "y": 0, "w": 64, "h": 160 },
    "sourceSize": { "w": 64, "h": 160 },
    "duration": 100
   },
   {
    "filename": "point #second_step 6.aseprite",
    "frame": { "x": 384, "y": 0, "w": 64, "h": 160 },
    "rotated": false,
    "trimmed": false,
    "spriteSourceSize": { "x": 0, "y": 0, "w": 64, "h": 160 },
    "sourceSize": { "w": 64, "h": 160 },
    "duration": 100
   }
 ],
 "meta": {
  "app": "https://www.aseprite.org/",
  "version": "1.3.6-arm64",
  "image": "point-second_step.png",
  "format": "RGBA8888",
  "size": { "w": 448, "h": 160 },
  "scale": "1"
 }
}
