{ "frames": [
   {
    "filename": "point #active 0.aseprite",
    "frame": { "x": 0, "y": 0, "w": 64, "h": 160 },
    "rotated": false,
    "trimmed": false,
    "spriteSourceSize": { "x": 0, "y": 0, "w": 64, "h": 160 },
    "sourceSize": { "w": 64, "h": 160 },
    "duration": 100
   },
   {
    "filename": "point #active 1.aseprite",
    "frame": { "x": 64, "y": 0, "w": 64, "h": 160 },
    "rotated": false,
    "trimmed": false,
    "spriteSourceSize": { "x": 0, "y": 0, "w": 64, "h": 160 },
    "sourceSize": { "w": 64, "h": 160 },
    "duration": 100
   },
   {
    "filename": "point #active 2.aseprite",
    "frame": { "x": 128, "y": 0, "w": 64, "h": 160 },
    "rotated": false,
    "trimmed": false,
    "spriteSourceSize": { "x": 0, "y": 0, "w": 64, "h": 160 },
    "sourceSize": { "w": 64, "h": 160 },
    "duration": 100
   }
 ],
 "meta": {
  "app": "https://www.aseprite.org/",
  "version": "1.3.6-arm64",
  "image": "point-active.png",
  "format": "RGBA8888",
  "size": { "w": 192, "h": 160 },
  "scale": "1"
 }
}
