{ "frames": [
   {
    "filename": "point #appears 0.aseprite",
    "frame": { "x": 0, "y": 0, "w": 64, "h": 160 },
    "rotated": false,
    "trimmed": false,
    "spriteSourceSize": { "x": 0, "y": 0, "w": 64, "h": 160 },
    "sourceSize": { "w": 64, "h": 160 },
    "duration": 100
   },
   {
    "filename": "point #appears 1.aseprite",
    "frame": { "x": 64, "y": 0, "w": 64, "h": 160 },
    "rotated": false,
    "trimmed": false,
    "spriteSourceSize": { "x": 0, "y": 0, "w": 64, "h": 160 },
    "sourceSize": { "w": 64, "h": 160 },
    "duration": 100
   },
   {
    "filename": "point #appears 2.aseprite",
    "frame": { "x": 128, "y": 0, "w": 64, "h": 160 },
    "rotated": false,
    "trimmed": false,
    "spriteSourceSize": { "x": 0, "y": 0, "w": 64, "h": 160 },
    "sourceSize": { "w": 64, "h": 160 },
    "duration": 100
   },
   {
    "filename": "point #appears 3.aseprite",
    "frame": { "x": 192, "y": 0, "w": 64, "h": 160 },
    "rotated": false,
    "trimmed": false,
    "spriteSourceSize": { "x": 0, "y": 0, "w": 64, "h": 160 },
    "sourceSize": { "w": 64, "h": 160 },
    "duration": 100
   },
   {
    "filename": "point #appears 4.aseprite",
    "frame": { "x": 256, "y": 0, "w": 64, "h": 160 },
    "rotated": false,
    "trimmed": false,
    "spriteSourceSize": { "x": 0, "y": 0, "w": 64, "h": 160 },
    "sourceSize": { "w": 64, "h": 160 },
    "duration": 100
   },
   {
    "filename": "point #appears 5.aseprite",
    "frame": { "x": 320, "y": 0, "w": 64, "h": 160 },
    "rotated": false,
    "trimmed": false,
    "spriteSourceSize": { "x": 0, "y": 0, "w": 64, "h": 160 },
    "sourceSize": { "w": 64, "h": 160 },
    "duration": 100
   },
   {
    "filename": "point #appears 6.aseprite",
    "frame": { "x": 384, "y": 0, "w": 64, "h": 160 },
    "rotated": false,
    "trimmed": false,
    "spriteSourceSize": { "x": 0, "y": 0, "w": 64, "h": 160 },
    "sourceSize": { "w": 64, "h": 160 },
    "duration": 100
   },
   {
    "filename": "point #appears 7.aseprite",
    "frame": { "x": 448, "y": 0, "w": 64, "h": 160 },
    "rotated": false,
    "trimmed": false,
    "spriteSourceSize": { "x": 0, "y": 0, "w": 64, "h": 160 },
    "sourceSize": { "w": 64, "h": 160 },
    "duration": 100
   },
   {
    "filename": "point #appears 8.aseprite",
    "frame": { "x": 512, "y": 0, "w": 64, "h": 160 },
    "rotated": false,
    "trimmed": false,
    "spriteSourceSize": { "x": 0, "y": 0, "w": 64, "h": 160 },
    "sourceSize": { "w": 64, "h": 160 },
    "duration": 100
   },
   {
    "filename": "point #appears 9.aseprite",
    "frame": { "x": 576, "y": 0, "w": 64, "h": 160 },
    "rotated": false,
    "trimmed": false,
    "spriteSourceSize": { "x": 0, "y": 0, "w": 64, "h": 160 },
    "sourceSize": { "w": 64, "h": 160 },
    "duration": 100
   },
   {
    "filename": "point #appears 10.aseprite",
    "frame": { "x": 640, "y": 0, "w": 64, "h": 160 },
    "rotated": false,
    "trimmed": false,
    "spriteSourceSize": { "x": 0, "y": 0, "w": 64, "h": 160 },
    "sourceSize": { "w": 64, "h": 160 },
    "duration": 100
   }
 ],
 "meta": {
  "app": "https://www.aseprite.org/",
  "version": "1.3.6-arm64",
  "image": "point-appears.png",
  "format": "RGBA8888",
  "size": { "w": 704, "h": 160 },
  "scale": "1"
 }
}
