{ "frames": [
   {
    "filename": "character #left_recovery 0.aseprite",
    "frame": { "x": 0, "y": 0, "w": 60, "h": 96 },
    "rotated": false,
    "trimmed": false,
    "spriteSourceSize": { "x": 0, "y": 0, "w": 60, "h": 96 },
    "sourceSize": { "w": 60, "h": 96 },
    "duration": 100
   },
   {
    "filename": "character #left_recovery 1.aseprite",
    "frame": { "x": 60, "y": 0, "w": 60, "h": 96 },
    "rotated": false,
    "trimmed": false,
    "spriteSourceSize": { "x": 0, "y": 0, "w": 60, "h": 96 },
    "sourceSize": { "w": 60, "h": 96 },
    "duration": 100
   },
   {
    "filename": "character #left_recovery 2.aseprite",
    "frame": { "x": 120, "y": 0, "w": 60, "h": 96 },
    "rotated": false,
    "trimmed": false,
    "spriteSourceSize": { "x": 0, "y": 0, "w": 60, "h": 96 },
    "sourceSize": { "w": 60, "h": 96 },
    "duration": 100
   },
   {
    "filename": "character #left_recovery 3.aseprite",
    "frame": { "x": 180, "y": 0, "w": 60, "h": 96 },
    "rotated": false,
    "trimmed": false,
    "spriteSourceSize": { "x": 0, "y": 0, "w": 60, "h": 96 },
    "sourceSize": { "w": 60, "h": 96 },
    "duration": 100
   }
 ],
 "meta": {
  "app": "https://www.aseprite.org/",
  "version": "1.3.6-arm64",
  "image": "character-left_recovery.png",
  "format": "RGBA8888",
  "size": { "w": 240, "h": 96 },
  "scale": "1"
 }
}
