{ "frames": [
   {
    "filename": "character #idle 0.aseprite",
    "frame": { "x": 0, "y": 0, "w": 60, "h": 96 },
    "rotated": false,
    "trimmed": false,
    "spriteSourceSize": { "x": 0, "y": 0, "w": 60, "h": 96 },
    "sourceSize": { "w": 60, "h": 96 },
    "duration": 100
   },
   {
    "filename": "character #idle 1.aseprite",
    "frame": { "x": 60, "y": 0, "w": 60, "h": 96 },
    "rotated": false,
    "trimmed": false,
    "spriteSourceSize": { "x": 0, "y": 0, "w": 60, "h": 96 },
    "sourceSize": { "w": 60, "h": 96 },
    "duration": 100
   }
 ],
 "meta": {
  "app": "https://www.aseprite.org/",
  "version": "1.3.6-arm64",
  "image": "character-idle.png",
  "format": "RGBA8888",
  "size": { "w": 120, "h": 96 },
  "scale": "1"
 }
}
