{ "frames": [
   {
    "filename": "character #jump 0.aseprite",
    "frame": { "x": 0, "y": 0, "w": 60, "h": 96 },
    "rotated": false,
    "trimmed": false,
    "spriteSourceSize": { "x": 0, "y": 0, "w": 60, "h": 96 },
    "sourceSize": { "w": 60, "h": 96 },
    "duration": 100
   },
   {
    "filename": "character #jump 1.aseprite",
    "frame": { "x": 60, "y": 0, "w": 60, "h": 96 },
    "rotated": false,
    "trimmed": false,
    "spriteSourceSize": { "x": 0, "y": 0, "w": 60, "h": 96 },
    "sourceSize": { "w": 60, "h": 96 },
    "duration": 100
   },
   {
    "filename": "character #jump 2.aseprite",
    "frame": { "x": 120, "y": 0, "w": 60, "h": 96 },
    "rotated": false,
    "trimmed": false,
    "spriteSourceSize": { "x": 0, "y": 0, "w": 60, "h": 96 },
    "sourceSize": { "w": 60, "h": 96 },
    "duration": 100
   },
   {
    "filename": "character #jump 3.aseprite",
    "frame": { "x": 180, "y": 0, "w": 60, "h": 96 },
    "rotated": false,
    "trimmed": false,
    "spriteSourceSize": { "x": 0, "y": 0, "w": 60, "h": 96 },
    "sourceSize": { "w": 60, "h": 96 },
    "duration": 100
   },
   {
    "filename": "character #jump 4.aseprite",
    "frame": { "x": 240, "y": 0, "w": 60, "h": 96 },
    "rotated": false,
    "trimmed": false,
    "spriteSourceSize": { "x": 0, "y": 0, "w": 60, "h": 96 },
    "sourceSize": { "w": 60, "h": 96 },
    "duration": 100
   },
   {
    "filename": "character #jump 5.aseprite",
    "frame": { "x": 300, "y": 0, "w": 60, "h": 96 },
    "rotated": false,
    "trimmed": false,
    "spriteSourceSize": { "x": 0, "y": 0, "w": 60, "h": 96 },
    "sourceSize": { "w": 60, "h": 96 },
    "duration": 100
   },
   {
    "filename": "character #jump 6.aseprite",
    "frame": { "x": 360, "y": 0, "w": 60, "h": 96 },
    "rotated": false,
    "trimmed": false,
    "spriteSourceSize": { "x": 0, "y": 0, "w": 60, "h": 96 },
    "sourceSize": { "w": 60, "h": 96 },
    "duration": 100
   },
   {
    "filename": "character #jump 7.aseprite",
    "frame": { "x": 420, "y": 0, "w": 60, "h": 96 },
    "rotated": false,
    "trimmed": false,
    "spriteSourceSize": { "x": 0, "y": 0, "w": 60, "h": 96 },
    "sourceSize": { "w": 60, "h": 96 },
    "duration": 100
   },
   {
    "filename": "character #jump 8.aseprite",
    "frame": { "x": 480, "y": 0, "w": 60, "h": 96 },
    "rotated": false,
    "trimmed": false,
    "spriteSourceSize": { "x": 0, "y": 0, "w": 60, "h": 96 },
    "sourceSize": { "w": 60, "h": 96 },
    "duration": 100
   }
 ],
 "meta": {
  "app": "https://www.aseprite.org/",
  "version": "1.3.6-arm64",
  "image": "character-jump.png",
  "format": "RGBA8888",
  "size": { "w": 540, "h": 96 },
  "scale": "1"
 }
}
